id,firstName,lastName,email,country,dob
1,Dud,Ishak,dishak0@alexa.com,Ukraine,24-06-2012
2,Jolyn,Bragg,jbragg1@go.com,United States,18-09-2003
3,Sallie,Gaw,sgaw2@mit.edu,France,12-05-1994
4,Belle,De Biasi,bdebiasi3@ucla.edu,Democratic Republic of the Congo,08-04-2001
5,Bing,Filov,bfilov4@engadget.com,Indonesia,19-10-1992
6,West,Douberday,wdouberday5@mozilla.org,Brazil,24-05-1990
7,Marion,Northridge,mnorthridge6@newsvine.com,Dominican Republic,01-04-2020
8,Hillary,Whittle,hwhittle7@free.fr,China,09-05-1993
9,Standford,Semour,ssemour8@live.com,Indonesia,24-10-2010
10,Babs,Orridge,borridge9@exblog.jp,Netherlands,04-08-1999
11,Arliene,Dunnett,adunnetta@microsoft.com,China,10-08-1999
12,Anabal,Bick,abickb@icq.com,Ukraine,20-06-2009
13,Thelma,Hoodlass,thoodlassc@ucsd.edu,China,16-11-2012
14,Othello,Sperrett,osperrettd@feedburner.com,France,28-11-1990
15,Kristal,Herche,kherchee@cbslocal.com,China,12-11-2016
16,Archibaldo,Goldberg,agoldbergf@ted.com,Brazil,27-04-2012
17,Traver,Sutheran,tsutherang@wired.com,Bosnia and Herzegovina,30-12-1994
18,Noelani,Baggally,nbaggallyh@discuz.net,Brazil,22-02-2015
19,Maye,Peetermann,mpeetermanni@rambler.ru,Bulgaria,19-01-2011
20,Barbara,Coleyshaw,bcoleyshawj@unc.edu,Ecuador,13-11-2005
21,Fania,Rewan,frewank@msu.edu,Tunisia,16-12-2014
22,Wolfgang,Oakes,woakesl@illinois.edu,Indonesia,23-01-2013
23,Ade,O' Timony,aotimonym@gov.uk,Brazil,06-08-2011
24,Cherrita,Dyers,cdyersn@wikimedia.org,China,14-04-2017
25,Ram,Picknett,rpicknetto@sitemeter.com,Greece,29-08-2016
26,Lauree,Welbelove,lwelbelovep@wikipedia.org,Indonesia,02-04-1993
27,Christie,Fleischer,cfleischerq@earthlink.net,Iran,15-07-2006
28,Winthrop,Hamm,whammr@virginia.edu,Slovenia,16-10-1998
29,Cedric,Thring,cthrings@cpanel.net,China,20-07-2000
30,Lenci,Skipsey,lskipseyt@oaic.gov.au,China,17-11-2002
31,Marna,Breen,mbreenu@gravatar.com,Poland,06-11-2017
32,Moss,Doret,mdoretv@flavors.me,Brazil,04-06-1996
33,Goldie,Garland,ggarlandw@webeden.co.uk,Brazil,08-02-2018
34,Arlena,Armytage,aarmytagex@cocolog-nifty.com,Brazil,23-10-2019
35,Ianthe,Hamlen,ihamleny@sakura.ne.jp,Greece,08-09-2014
36,Mame,Kenworth,mkenworthz@gmpg.org,Portugal,10-02-2000
37,Joletta,O'Keefe,jokeefe10@artisteer.com,Russia,23-02-2002
38,Demetris,Golby,dgolby11@privacy.gov.au,United States,13-12-1991
39,Brianna,Benez,bbenez12@ustream.tv,China,10-08-2014
40,Gratia,Mahedy,gmahedy13@sbwire.com,Philippines,25-10-1994
41,Allissa,Kensall,akensall14@de.vu,Russia,25-04-2014
42,Ingaberg,Laba,ilaba15@jalbum.net,Brazil,21-12-1999
43,Glory,Babalola,gbabalola16@deviantart.com,Ukraine,09-10-2007
44,Yorke,Hemms,yhemms17@phpbb.com,China,03-02-1996
45,Haskel,Najara,hnajara18@twitpic.com,Sweden,23-07-1998
46,Lennie,Portress,lportress19@seesaa.net,Finland,07-05-1990
47,Fabian,Goodoune,fgoodoune1a@yellowbook.com,Marshall Islands,12-05-2010
48,Valentin,Lambarton,vlambarton1b@ebay.com,Montenegro,21-02-2004
49,Colas,Abrahamsen,cabrahamsen1c@deviantart.com,France,19-02-2018
50,Christabella,O'Scully,coscully1d@samsung.com,Colombia,20-09-2016
51,Bennie,Trinke,btrinke1e@hatena.ne.jp,South Africa,06-04-2018
52,Cristian,Mackleden,cmackleden1f@wufoo.com,Chile,28-10-2018
53,Rufus,Santello,rsantello1g@trellian.com,China,27-10-2015
54,Smith,Songust,ssongust1h@prlog.org,Indonesia,06-04-2001
55,Jeni,Rodger,jrodger1i@cnet.com,Indonesia,28-07-2017
56,Constanta,Comiam,ccomiam1j@who.int,Mauritius,31-03-2009
57,Burty,Cutbirth,bcutbirth1k@domainmarket.com,China,30-01-2005
58,Keefer,Caddie,kcaddie1l@nsw.gov.au,France,02-03-2000
59,Jarib,Ankers,jankers1m@linkedin.com,France,12-04-2000
60,Nikita,Rennolds,nrennolds1n@arizona.edu,China,11-11-2014
61,Norris,Millson,nmillson1o@bizjournals.com,Ireland,31-07-2014
62,Tait,O' Culligan,toculligan1p@biglobe.ne.jp,Russia,14-11-2019
63,Mabel,Ferrarone,mferrarone1q@slate.com,China,10-02-1995
64,Shepherd,Doud,sdoud1r@uiuc.edu,Nigeria,02-09-2000
65,Alvin,Larmour,alarmour1s@hatena.ne.jp,Poland,04-01-2007
66,May,Tellwright,mtellwright1t@youtu.be,Greece,19-12-2002
67,Bret,Vallens,bvallens1u@tumblr.com,Ireland,10-03-2004
68,Gertrudis,Creavan,gcreavan1v@biglobe.ne.jp,Czech Republic,11-10-2014
69,Bev,Bolino,bbolino1w@bbb.org,France,22-08-2010
70,Gilberte,Hedgeman,ghedgeman1x@topsy.com,Russia,30-08-2016
71,Alf,Hacquoil,ahacquoil1y@rambler.ru,Russia,25-08-1995
72,Clemens,Gallager,cgallager1z@bbc.co.uk,Philippines,27-06-2009
73,Ezra,Kares,ekares20@unc.edu,China,22-04-1994
74,Ugo,Coom,ucoom21@symantec.com,Philippines,21-03-2020
75,Arthur,Ruggiero,aruggiero22@phpbb.com,Azerbaijan,23-02-1999
76,Rockey,Kindall,rkindall23@elpais.com,Serbia,25-12-1997
77,Rurik,Farrear,rfarrear24@symantec.com,China,31-12-1990
78,Nichole,Dillow,ndillow25@techcrunch.com,Russia,01-12-2015
79,Jorge,Brydie,jbrydie26@people.com.cn,Czech Republic,14-01-2005
80,Albrecht,Defries,adefries27@noaa.gov,Indonesia,29-06-2014
81,Murvyn,Longstaff,mlongstaff28@webs.com,China,31-01-2020
82,Ewan,Crosland,ecrosland29@cloudflare.com,United States,19-09-2021
83,Jacynth,Weond,jweond2a@google.ru,China,07-12-1990
84,Genni,Butt Gow,gbuttgow2b@360.cn,South Africa,30-01-2007
85,Ardelis,Loyley,aloyley2c@free.fr,Russia,10-09-2019
86,Sholom,Furtado,sfurtado2d@jiathis.com,Portugal,10-09-2015
87,Hedwig,Linn,hlinn2e@redcross.org,Indonesia,04-08-2012
88,Rutherford,Blacksell,rblacksell2f@usgs.gov,Thailand,18-11-2020
89,Rice,Scrinage,rscrinage2g@statcounter.com,Malaysia,28-08-2021
90,Kerry,Kleynen,kkleynen2h@unicef.org,China,25-10-2002
91,Deny,Frisel,dfrisel2i@e-recht24.de,Croatia,02-04-1995
92,Julee,Chaff,jchaff2j@youtu.be,France,01-06-2010
93,Georgie,Eakly,geakly2k@squidoo.com,China,03-07-2010
94,Euell,Snoddy,esnoddy2l@blogger.com,Poland,21-11-2010
95,Daffie,Jarrold,djarrold2m@barnesandnoble.com,Portugal,02-10-2016
96,Elysia,Frewer,efrewer2n@blinklist.com,Indonesia,03-05-2020
97,Kimball,Manie,kmanie2o@geocities.jp,Indonesia,19-06-1994
98,Durand,Perell,dperell2p@unc.edu,United States,14-11-1997
99,Greta,Haigh,ghaigh2q@vimeo.com,Indonesia,28-11-2018
100,Oberon,Worswick,oworswick2r@cnet.com,Portugal,17-12-2000
101,Martin,Ridesdale,mridesdale2s@mit.edu,Indonesia,03-12-2014
102,Curcio,Pitherick,cpitherick2t@weather.com,Brazil,15-02-1998
103,Sherwynd,Slimings,sslimings2u@oaic.gov.au,Japan,16-01-2003
104,Seumas,Suarez,ssuarez2v@nytimes.com,China,02-04-2020
105,Sisile,Louis,slouis2w@mediafire.com,Germany,14-08-1995
106,Kilian,Pittam,kpittam2x@blogspot.com,China,09-07-2007
107,Vivyanne,Ashmore,vashmore2y@xinhuanet.com,Indonesia,07-06-2009
108,Aksel,Hortop,ahortop2z@ifeng.com,Russia,01-05-2011
109,Birk,Alves,balves30@devhub.com,Poland,08-08-1995
110,Lauren,Eliesco,leliesco31@foxnews.com,China,06-05-1997
111,Eugene,Moyles,emoyles32@qq.com,China,06-06-1990
112,Karoline,Hourston,khourston33@eepurl.com,China,14-11-2017
113,Stormi,Crowley,scrowley34@pagesperso-orange.fr,Sweden,05-11-2019
114,Daria,Zielinski,dzielinski35@google.com.au,Sweden,13-09-1990
115,Selby,Caveney,scaveney36@sourceforge.net,China,03-10-2008
116,Cooper,Fanthome,cfanthome37@skype.com,Lesotho,21-02-2002
117,Valentijn,O'Hollegan,vohollegan38@shareasale.com,Portugal,24-05-2000
118,Bobbe,O'Moylane,bomoylane39@flickr.com,Malaysia,18-12-2019
119,Erinna,Raeside,eraeside3a@vimeo.com,Russia,30-01-2019
120,Aili,Saiger,asaiger3b@zimbio.com,Azerbaijan,12-10-2003
121,Chrotoem,de Chastelain,cdechastelain3c@photobucket.com,Azerbaijan,08-03-2001
122,Adella,MacCall,amaccall3d@soundcloud.com,Peru,26-11-2016
123,Leroi,Paulucci,lpaulucci3e@elegantthemes.com,Philippines,28-08-2005
124,Audrie,Barnhill,abarnhill3f@dropbox.com,Peru,11-08-1994
125,Oswald,Domenget,odomenget3g@hp.com,China,29-06-2015
126,Hagen,Blackston,hblackston3h@mayoclinic.com,Peru,08-11-2016
127,Morris,Ducarne,mducarne3i@trellian.com,Russia,28-08-2004
128,Aarika,Buddle,abuddle3j@indiatimes.com,China,24-01-2005
129,Carolann,Bramwell,cbramwell3k@nydailynews.com,South Africa,22-04-2000
130,Marcela,Spencers,mspencers3l@opensource.org,Russia,14-04-1997
131,Dulcine,Honatsch,dhonatsch3m@youku.com,Indonesia,14-10-1991
132,Fons,O'Malley,fomalley3n@craigslist.org,Falkland Islands,07-12-2004
133,Dimitri,Rasor,drasor3o@live.com,Brazil,24-11-2007
134,Leanna,Burwood,lburwood3p@sakura.ne.jp,Russia,21-10-2010
135,Frances,Goady,fgoady3q@chron.com,Bolivia,10-05-1998
136,Chantal,McCane,cmccane3r@t-online.de,Canada,04-09-2017
137,Lewie,Harness,lharness3s@webs.com,China,07-10-1993
138,Blinni,Boughey,bboughey3t@soundcloud.com,Iran,12-03-2009
139,Arluene,Scad,ascad3u@hugedomains.com,Croatia,25-01-2007
140,Gareth,Shovel,gshovel3v@xrea.com,Canada,13-02-2018
141,Horacio,Bremmell,hbremmell3w@ibm.com,Russia,01-04-2006
142,Georgina,Westcot,gwestcot3x@soup.io,Brazil,21-10-1998
143,Nari,Chevers,nchevers3y@sina.com.cn,Poland,25-05-2004
144,Ralina,Hankin,rhankin3z@cdbaby.com,Argentina,19-03-1991
145,Cybill,Lantaff,clantaff40@sphinn.com,China,04-04-2014
146,Mac,Warrillow,mwarrillow41@arstechnica.com,China,27-04-1991
147,Mitch,MacEllen,mmacellen42@newyorker.com,Indonesia,14-09-2020
148,Meir,Avramov,mavramov43@aol.com,Iran,17-10-2020
149,Merrile,Bomb,mbomb44@webs.com,Slovenia,30-12-2002
150,Bathsheba,Waker,bwaker45@gov.uk,Brazil,11-05-2011
151,Sunny,Corhard,scorhard46@cloudflare.com,Japan,06-05-2007
152,Shayna,Rappa,srappa47@elpais.com,Pakistan,10-05-1991
153,Zita,Duiguid,zduiguid48@yahoo.co.jp,United States,16-10-2003
154,Franky,Boobier,fboobier49@acquirethisname.com,Netherlands,28-05-1998
155,Kristos,Gilhooley,kgilhooley4a@livejournal.com,Honduras,22-09-1997
156,Aubert,Thornally,athornally4b@about.com,Ireland,22-06-2015
157,Lucretia,Ianno,lianno4c@webnode.com,China,08-09-1998
158,Urban,Whitlow,uwhitlow4d@a8.net,Georgia,16-08-2009
159,Harold,Rhubottom,hrhubottom4e@wordpress.com,Vietnam,13-04-1995
160,Catharina,Banville,cbanville4f@gnu.org,United Kingdom,19-07-2019
161,Clerc,Walework,cwalework4g@fda.gov,Thailand,21-08-2016
162,Randi,Tonbye,rtonbye4h@cdc.gov,Sweden,04-06-2008
163,Louie,Crosscombe,lcrosscombe4i@jiathis.com,Philippines,21-12-2017
164,Arch,Shortell,ashortell4j@toplist.cz,China,19-01-2009
165,Leigh,Privost,lprivost4k@phoca.cz,France,08-01-2013
166,Nicola,Oakenfall,noakenfall4l@goo.ne.jp,China,06-09-1998
167,Ira,Gresham,igresham4m@harvard.edu,Japan,16-10-2016
168,Shandie,Slee,sslee4n@sbwire.com,France,12-08-2013
169,Archambault,Oscroft,aoscroft4o@hibu.com,Indonesia,19-04-2003
170,Myrwyn,Kiledal,mkiledal4p@cnbc.com,Brazil,06-02-2000
171,Robinett,Hradsky,rhradsky4q@angelfire.com,Portugal,29-07-2008
172,Daniel,Duthy,dduthy4r@patch.com,China,13-07-2017
173,Daveen,D'Errico,dderrico4s@qq.com,China,10-08-2015
174,Jaquelyn,Fer,jfer4t@army.mil,Indonesia,06-08-2000
175,Anallise,Edgerly,aedgerly4u@seesaa.net,Morocco,30-12-2020
176,Hilary,Marcroft,hmarcroft4v@disqus.com,Philippines,13-07-1996
177,Kippar,Butner,kbutner4w@gizmodo.com,Germany,17-02-1997
178,Brant,Benezeit,bbenezeit4x@4shared.com,Thailand,25-03-1991
179,Rachele,Bissett,rbissett4y@youtube.com,Albania,07-02-2020
180,Moishe,Pridham,mpridham4z@japanpost.jp,China,13-11-1992
181,Bran,Robbey,brobbey50@scribd.com,China,22-01-2009
182,Shawn,Ishaki,sishaki51@virginia.edu,China,17-07-1998
183,Killian,Braunfeld,kbraunfeld52@bbb.org,Brazil,02-03-2021
184,Ranee,Aartsen,raartsen53@accuweather.com,Zambia,22-12-2019
185,Trudi,Asple,tasple54@gmpg.org,Russia,29-03-2005
186,Roderich,Hazeup,rhazeup55@mail.ru,Nigeria,02-07-2019
187,Monroe,Veevers,mveevers56@homestead.com,Indonesia,20-09-2009
188,Enriqueta,Costi,ecosti57@timesonline.co.uk,United States,10-04-1996
189,Patrice,Stadden,pstadden58@java.com,Albania,10-07-1998
190,Sorcha,Alcock,salcock59@flavors.me,Peru,01-07-1991
191,Templeton,Foulis,tfoulis5a@newyorker.com,China,19-10-1994
192,Frans,Sellner,fsellner5b@chicagotribune.com,Mongolia,23-05-1999
193,Marsha,Tulloch,mtulloch5c@twitpic.com,Spain,23-07-1997
194,Annabela,Cadore,acadore5d@fda.gov,Indonesia,11-05-2015
195,Tyrus,Clampin,tclampin5e@mapquest.com,Vietnam,17-04-2003
196,Rheta,Crownshaw,rcrownshaw5f@live.com,Poland,31-10-2018
197,Georgy,Nutkin,gnutkin5g@zdnet.com,China,19-09-2011
198,Jakob,Attwoull,jattwoull5h@walmart.com,Tajikistan,17-12-1990
199,Lilla,Sackes,lsackes5i@alexa.com,Portugal,01-02-2003
200,Charmine,Tremmil,ctremmil5j@cbsnews.com,Philippines,13-06-1995
201,Maribelle,Ledington,mledington5k@wordpress.com,Tunisia,07-01-2017
202,Tyrus,Alvaro,talvaro5l@uiuc.edu,Greece,15-12-2020
203,Kariotta,Gothliff,kgothliff5m@nih.gov,Argentina,09-06-2013
204,Dre,Willey,dwilley5n@ocn.ne.jp,Russia,23-11-2013
205,Steffane,Silburn,ssilburn5o@ucla.edu,Poland,01-01-2014
206,Olga,Klimowicz,oklimowicz5p@eventbrite.com,Ireland,12-07-1997
207,Edward,Heater,eheater5q@lulu.com,China,29-04-2014
208,Felisha,Garn,fgarn5r@posterous.com,Sweden,08-11-2008
209,Maryrose,Dicky,mdicky5s@shutterfly.com,Poland,11-12-2010
210,Connie,Wayon,cwayon5t@berkeley.edu,Bosnia and Herzegovina,12-08-2010
211,Olga,Fynes,ofynes5u@indiatimes.com,Indonesia,08-05-2006
212,Waylin,Rainford,wrainford5v@harvard.edu,Cameroon,16-08-2009
213,Aksel,Glanfield,aglanfield5w@zimbio.com,Germany,06-09-2020
214,Maryanne,Rothschild,mrothschild5x@arstechnica.com,Uganda,01-04-2012
215,Ivor,Miall,imiall5y@auda.org.au,Mozambique,16-06-2004
216,Veronique,Perrycost,vperrycost5z@flickr.com,China,07-11-1994
217,Nathanial,Capstake,ncapstake60@timesonline.co.uk,Nigeria,09-12-2002
218,Obadiah,Halley,ohalley61@smugmug.com,Indonesia,10-09-2021
219,Wald,Golling,wgolling62@uiuc.edu,Greece,21-04-2012
220,Gannon,Shaddock,gshaddock63@myspace.com,Moldova,17-01-1991
221,Luciano,Eltringham,leltringham64@icq.com,Poland,01-10-2002
222,Gustavo,Skpsey,gskpsey65@hao123.com,Mongolia,16-10-2008
223,Beverlee,Sandaver,bsandaver66@clickbank.net,Sweden,30-08-1999
224,Jan,Gisburn,jgisburn67@google.com.au,France,26-04-1995
225,Kettie,Lewisham,klewisham68@bbb.org,Iran,15-01-2000
226,Ive,Deller,ideller69@fotki.com,Pakistan,03-06-1992
227,Svend,Hackwell,shackwell6a@chron.com,Vietnam,11-07-2012
228,Rockwell,Toft,rtoft6b@redcross.org,Portugal,07-03-1991
229,Klaus,Lowson,klowson6c@nature.com,China,13-05-1997
230,Lily,Josifovitz,ljosifovitz6d@skyrock.com,Poland,23-02-2000
231,Bron,Schneider,bschneider6e@geocities.com,China,13-12-2007
232,Chen,Tabor,ctabor6f@engadget.com,China,20-06-1992
233,Lucilia,Agate,lagate6g@sun.com,China,10-01-1995
234,Berte,Tibbs,btibbs6h@weather.com,China,05-11-2013
235,Luella,Backshaw,lbackshaw6i@bigcartel.com,Russia,03-05-2001
236,Wynn,Littleover,wlittleover6j@ihg.com,Thailand,22-10-2009
237,Elianore,Tremmel,etremmel6k@skype.com,France,18-02-2003
238,Osbert,Veregan,overegan6l@howstuffworks.com,Mongolia,25-05-2020
239,Sheena,Fruchter,sfruchter6m@cbslocal.com,Philippines,15-02-1994
240,Byron,Butchard,bbutchard6n@reference.com,Vietnam,14-10-2021
241,Michel,Peers,mpeers6o@hostgator.com,Yemen,12-04-2013
242,Darb,Lippi,dlippi6p@devhub.com,China,09-04-2013
243,Joelly,Fleckness,jfleckness6q@artisteer.com,Russia,29-06-2020
244,Alfi,Kemster,akemster6r@pen.io,Thailand,08-01-2001
245,Omar,McIlwraith,omcilwraith6s@cyberchimps.com,Indonesia,08-06-2005
246,Mannie,Greenhaugh,mgreenhaugh6t@mozilla.com,China,04-09-1998
247,Hogan,O'Lahy,holahy6u@cbslocal.com,Philippines,11-02-2004
248,Con,Bascombe,cbascombe6v@tinyurl.com,Colombia,22-06-2004
249,Claudetta,Hallowes,challowes6w@shareasale.com,Japan,04-06-1995
250,Gordon,Greser,ggreser6x@reference.com,Philippines,14-12-2001
251,Cly,Durnan,cdurnan6y@imgur.com,United States,29-06-1999
252,Bertram,Albrooke,balbrooke6z@printfriendly.com,United States,08-02-2004
253,Florian,Tuckie,ftuckie70@marketwatch.com,Finland,04-11-1990
254,Adolpho,Purveys,apurveys71@hexun.com,Japan,19-07-1996
255,Gav,Pippin,gpippin72@surveymonkey.com,Serbia,05-08-1998
256,Catherina,Malicki,cmalicki73@google.pl,Indonesia,11-05-2004
257,Rance,Traill,rtraill74@unicef.org,Brazil,11-06-2001
258,Lolita,Abbs,labbs75@rediff.com,Portugal,08-02-2002
259,Winfield,Brugger,wbrugger76@fotki.com,Georgia,07-09-1995
260,Elly,Trazzi,etrazzi77@huffingtonpost.com,Canada,18-04-2014
261,Crysta,Kobierski,ckobierski78@omniture.com,Guatemala,11-03-1995
262,Pietra,Ridett,pridett79@theguardian.com,Canada,14-11-2020
263,Richy,Ganter,rganter7a@chronoengine.com,Sweden,25-07-1998
264,Caryl,Bardnam,cbardnam7b@devhub.com,Sweden,23-01-2000
265,Marget,Onn,monn7c@baidu.com,China,12-01-2016
266,Kameko,Bulluck,kbulluck7d@photobucket.com,Afghanistan,10-10-1994
267,Karyn,Ather,kather7e@nature.com,Jordan,30-07-1993
268,Hillie,Jessup,hjessup7f@technorati.com,Japan,15-04-1996
269,Kacy,Tomsett,ktomsett7g@amazon.com,Brazil,11-05-2008
270,Ardra,Huie,ahuie7h@list-manage.com,Bhutan,06-07-2021
271,Chan,Freyn,cfreyn7i@tripod.com,Honduras,13-02-2003
272,Sergei,Piris,spiris7j@berkeley.edu,China,31-03-1996
273,Clayborn,Bentjens,cbentjens7k@nhs.uk,Uzbekistan,08-01-2018
274,Sonni,Gyves,sgyves7l@java.com,Cuba,07-06-2009
275,Marybelle,Kloska,mkloska7m@wsj.com,South Africa,23-10-2008
276,Rand,Petrillo,rpetrillo7n@ucla.edu,Mozambique,15-04-2017
277,Irma,Klesse,iklesse7o@a8.net,Colombia,16-06-2008
278,Abram,McGlew,amcglew7p@businessweek.com,China,18-04-2000
279,Aldric,Bromont,abromont7q@blogger.com,Philippines,28-02-2006
280,Betty,Craighall,bcraighall7r@walmart.com,Portugal,15-07-1992
281,Ruggiero,Twidell,rtwidell7s@weibo.com,Ivory Coast,17-09-1994
282,Kalila,Metzke,kmetzke7t@list-manage.com,Tanzania,18-02-1997
283,Torrence,Guillard,tguillard7u@acquirethisname.com,United States,31-10-2009
284,Mirabelle,Bonder,mbonder7v@wix.com,China,31-08-1990
285,Edgardo,Guillou,eguillou7w@blinklist.com,Laos,18-12-2013
286,Flinn,Connerly,fconnerly7x@unicef.org,Brazil,03-12-2019
287,Faber,Salmond,fsalmond7y@huffingtonpost.com,Burundi,30-03-2018
288,Mercy,Fairburne,mfairburne7z@theguardian.com,China,07-06-2021
289,Ana,Ruthven,aruthven80@google.es,South Africa,22-10-1997
290,Maitilde,Heustice,mheustice81@hatena.ne.jp,Thailand,30-11-1999
291,Corine,Bolletti,cbolletti82@jigsy.com,Indonesia,17-09-1994
292,Torry,Seagar,tseagar83@hao123.com,China,28-11-2004
293,Xymenes,Mamwell,xmamwell84@intel.com,Sweden,22-03-2003
294,Zeb,Tewes,ztewes85@parallels.com,China,04-01-2012
295,Libbi,Kyttor,lkyttor86@tripod.com,Brazil,29-01-2011
296,Zaneta,Yorke,zyorke87@stumbleupon.com,China,30-07-2005
297,Meredith,Staines,mstaines88@washingtonpost.com,Poland,03-01-2017
298,Syd,Saddler,ssaddler89@reddit.com,Greece,29-01-2022
299,Kinny,Reckhouse,kreckhouse8a@thetimes.co.uk,Mongolia,09-06-2020
300,Marget,Wilmot,mwilmot8b@telegraph.co.uk,China,03-09-2021
301,Francklin,Barenskie,fbarenskie8c@fastcompany.com,Russia,10-12-2003
302,Grata,Bansal,gbansal8d@ehow.com,Aland Islands,07-01-2017
303,Brooks,Headington,bheadington8e@theatlantic.com,Indonesia,29-04-1992
304,Sascha,Cornfoot,scornfoot8f@wp.com,Brazil,13-11-2021
305,Leonora,Sibille,lsibille8g@theatlantic.com,Portugal,15-04-1990
306,Carol-jean,Pedder,cpedder8h@youku.com,Sao Tome and Principe,21-04-2001
307,Otes,Hammonds,ohammonds8i@networkadvertising.org,United States,21-03-2011
308,Antonio,Leachman,aleachman8j@auda.org.au,Brazil,16-06-2012
309,Padgett,Fanner,pfanner8k@biglobe.ne.jp,China,16-10-2000
310,Rea,Saunder,rsaunder8l@usa.gov,Russia,02-03-2012
311,Courtnay,Reuter,creuter8m@thetimes.co.uk,China,28-11-2018
312,Bertine,Ridewood,bridewood8n@ameblo.jp,Indonesia,23-08-2010
313,Fredia,Pettiward,fpettiward8o@senate.gov,Russia,28-06-1998
314,Ginger,Schelle,gschelle8p@stumbleupon.com,Russia,26-02-1995
315,Briana,Bebbell,bbebbell8q@squarespace.com,Brazil,29-07-1996
316,Emily,Leonarde,eleonarde8r@globo.com,Indonesia,15-04-2009
317,Hephzibah,Littrell,hlittrell8s@yandex.ru,Colombia,25-11-1995
318,Shirlee,Tansley,stansley8t@1und1.de,Indonesia,18-07-2008
319,Krissy,Bockmann,kbockmann8u@bravesites.com,Kazakhstan,16-11-2014
320,Ree,Trattles,rtrattles8v@biglobe.ne.jp,Indonesia,02-02-2019
321,Sibylla,McRavey,smcravey8w@hibu.com,Hungary,20-01-2018
322,Tandie,Greneham,tgreneham8x@cyberchimps.com,Philippines,02-10-2007
323,Elmira,Penhale,epenhale8y@bing.com,Zambia,29-11-1991
324,Ruthi,Norssister,rnorssister8z@ucsd.edu,Indonesia,16-07-1996
325,Franklin,McDiarmid,fmcdiarmid90@fotki.com,Belgium,20-08-2019
326,Chiquia,Waith,cwaith91@hud.gov,Argentina,22-09-2006
327,Griffin,Cornford,gcornford92@opera.com,Indonesia,09-10-1992
328,Pietrek,Dedham,pdedham93@reverbnation.com,Indonesia,02-05-2002
329,Ninon,Phittiplace,nphittiplace94@facebook.com,China,01-01-1993
330,Kiah,Meedendorpe,kmeedendorpe95@multiply.com,Austria,29-05-2017
331,Caryl,Hryncewicz,chryncewicz96@mit.edu,Ukraine,14-03-1994
332,Alena,Malthus,amalthus97@samsung.com,China,30-01-2001
333,Rebecka,Balding,rbalding98@ibm.com,China,13-10-1990
334,Sibylla,Buckoke,sbuckoke99@stanford.edu,Czech Republic,17-11-2008
335,Lilah,Rentz,lrentz9a@123-reg.co.uk,China,19-12-2020
336,Georgetta,Iacomini,giacomini9b@spotify.com,Indonesia,15-01-2019
337,Joy,Bellany,jbellany9c@nih.gov,Portugal,18-04-2000
338,Mozes,Edlyne,medlyne9d@eepurl.com,China,01-10-2013
339,Wildon,Plewes,wplewes9e@naver.com,Portugal,03-06-2013
340,Wrennie,Bateman,wbateman9f@tripadvisor.com,Brazil,31-07-2001
341,Bennie,Godfrey,bgodfrey9g@yahoo.com,Sweden,22-05-2013
342,Waverly,Grosvener,wgrosvener9h@exblog.jp,China,13-08-2015
343,Meggi,Stoffel,mstoffel9i@creativecommons.org,Philippines,06-09-2008
344,Web,Nials,wnials9j@seesaa.net,Nepal,27-04-1998
345,Karol,Ellerby,kellerby9k@salon.com,Sweden,09-02-1996
346,Pauly,Mityushkin,pmityushkin9l@meetup.com,France,17-08-1992
347,Joann,Aspel,jaspel9m@imageshack.us,Venezuela,10-11-1991
348,Alisa,Gaither,agaither9n@seesaa.net,Argentina,28-02-2006
349,Celestyn,Strover,cstrover9o@prnewswire.com,Senegal,04-11-2011
350,Murdock,Aiston,maiston9p@sbwire.com,Indonesia,12-11-2009
351,Ulla,Rocks,urocks9q@yale.edu,Armenia,20-12-2001
352,Rafaello,Rouchy,rrouchy9r@hhs.gov,United States,27-02-1995
353,Tonye,Corley,tcorley9s@europa.eu,Afghanistan,13-10-2000
354,Cathlene,Caw,ccaw9t@google.com,Czech Republic,24-05-2005
355,Corrie,enzley,cenzley9u@shareasale.com,Philippines,21-09-2019
356,Napoleon,Lugton,nlugton9v@163.com,South Sudan,19-07-2015
357,Essy,Reisk,ereisk9w@dot.gov,Ukraine,07-02-2008
358,Rey,Flood,rflood9x@ocn.ne.jp,Philippines,07-10-2011
359,Demetria,Sedgwick,dsedgwick9y@hao123.com,China,30-03-2005
360,Rheta,Salvage,rsalvage9z@uiuc.edu,South Korea,11-02-2010
361,Emmett,Challice,echallicea0@storify.com,Greece,21-09-2001
362,Dix,Calderhead,dcalderheada1@acquirethisname.com,Australia,12-07-2003
363,Vania,Craythorn,vcraythorna2@vistaprint.com,Thailand,02-08-2008
364,Myra,Pirouet,mpiroueta3@chicagotribune.com,Philippines,05-04-2017
365,Anatol,Kinze,akinzea4@virginia.edu,Brazil,18-09-2016
366,Isidore,Bezants,ibezantsa5@mapy.cz,Thailand,19-08-2011
367,Saree,Bolletti,sbollettia6@i2i.jp,Canada,27-08-2012
368,Salim,Lelievre,slelievrea7@phoca.cz,Russia,02-04-2019
369,Culley,Malyon,cmalyona8@github.com,Norway,10-01-2007
370,Baxie,Licciardi,blicciardia9@arizona.edu,Nigeria,18-03-2021
371,Sig,Longworthy,slongworthyaa@tamu.edu,France,06-04-2005
372,Any,Comford,acomfordab@reuters.com,Brazil,30-03-2011
373,Devonna,Benedek,dbenedekac@msn.com,Ukraine,29-03-1996
374,Burton,Whorton,bwhortonad@ovh.net,Ukraine,23-10-1996
375,Sig,Wilshin,swilshinae@networksolutions.com,Tanzania,18-06-2020
376,Rhoda,Dawkins,rdawkinsaf@amazon.co.uk,Slovenia,16-07-2005
377,Alene,Fisher,afisherag@hhs.gov,China,07-09-1995
378,Elie,Missen,emissenah@nhs.uk,Finland,24-04-1997
379,Emmi,Widocks,ewidocksai@ft.com,Poland,24-12-1993
380,Jana,Jessett,jjessettaj@amazon.co.uk,Colombia,25-11-2011
381,Wilbert,Rakes,wrakesak@blinklist.com,France,01-09-1992
382,Genvieve,Bisco,gbiscoal@ucoz.com,China,30-11-1997
383,Jany,Meaney,jmeaneyam@themeforest.net,Philippines,20-10-2002
384,Mair,Fernihough,mfernihoughan@multiply.com,Indonesia,04-02-1997
385,Tove,Bonehill,tbonehillao@hp.com,Albania,04-07-2000
386,Hyacinthia,Sturney,hsturneyap@house.gov,Senegal,07-11-2016
387,Rowland,Slad,rsladaq@chicagotribune.com,Ireland,28-09-2012
388,Alonzo,Persent,apersentar@hibu.com,Russia,29-08-1994
389,Linc,Godridge,lgodridgeas@hc360.com,United States,18-10-2009
390,Rabbi,Cammocke,rcammockeat@imgur.com,Thailand,23-04-2015
391,Selene,Corness,scornessau@w3.org,China,22-05-2019
392,Payton,Hedan,phedanav@dailymotion.com,Kazakhstan,28-03-2008
393,Giorgia,Baldry,gbaldryaw@ucsd.edu,Malaysia,07-05-2005
394,Connie,Mattacks,cmattacksax@google.ca,Colombia,09-09-2007
395,Quill,Davidovicz,qdavidoviczay@businesswire.com,China,27-11-1998
396,Vi,Galbraeth,vgalbraethaz@ustream.tv,Poland,30-01-1996
397,Clementia,Barwick,cbarwickb0@issuu.com,Argentina,12-05-2016
398,Adore,Gartell,agartellb1@boston.com,Indonesia,10-09-1994
399,Milicent,Cullerne,mcullerneb2@photobucket.com,China,30-01-1995
400,Pippa,Cousin,pcousinb3@miitbeian.gov.cn,Pakistan,16-11-2006
401,Marin,Pauer,mpauerb4@plala.or.jp,Tanzania,08-04-1991
402,Gabi,Downse,gdownseb5@patch.com,Portugal,24-02-2012
403,Chad,Freer,cfreerb6@ed.gov,Philippines,25-04-1998
404,Kelsi,Smalecombe,ksmalecombeb7@so-net.ne.jp,Indonesia,25-11-1998
405,Larissa,Rubes,lrubesb8@harvard.edu,China,03-11-2005
406,Octavia,Oag,ooagb9@seesaa.net,Philippines,18-06-2008
407,Efrem,Hawtrey,ehawtreyba@java.com,Indonesia,06-09-2012
408,Rod,MacCombe,rmaccombebb@spiegel.de,Peru,02-02-2010
409,Neilla,Snalum,nsnalumbc@msu.edu,Tajikistan,09-02-1998
410,Justis,Stanistreet,jstanistreetbd@tripadvisor.com,Brazil,19-07-1994
411,Krishnah,Allibon,kallibonbe@un.org,Indonesia,11-06-2002
412,Nata,Ruspine,nruspinebf@miibeian.gov.cn,Brazil,17-01-2014
413,Antoinette,Pharro,apharrobg@admin.ch,Russia,07-02-1991
414,Karilynn,Vousden,kvousdenbh@wikia.com,Cameroon,28-02-1993
415,Thaxter,Sisnett,tsisnettbi@hp.com,United States,01-12-2016
416,Bibbie,Few,bfewbj@comsenz.com,Armenia,24-06-1995
417,Hilly,Saich,hsaichbk@cocolog-nifty.com,France,04-02-2016
418,Dulcia,McIlheran,dmcilheranbl@netscape.com,Burkina Faso,26-10-2021
419,Maje,Astles,mastlesbm@nyu.edu,China,26-06-2008
420,Goddard,Cuttell,gcuttellbn@engadget.com,Sweden,17-09-2014
421,Jackelyn,Vondruska,jvondruskabo@furl.net,Indonesia,07-01-1998
422,Roxana,Aish,raishbp@dmoz.org,China,05-07-2004
423,Rubetta,Aireton,rairetonbq@blog.com,China,08-04-2000
424,Eugenio,Aymeric,eaymericbr@sourceforge.net,Brazil,01-05-2004
425,Doralynn,Yushin,dyushinbs@youku.com,Poland,16-10-2006
426,Ole,Caesman,ocaesmanbt@ftc.gov,Peru,19-05-1998
427,Rina,Vawton,rvawtonbu@bandcamp.com,Indonesia,17-12-1998
428,Eleanor,Askie,easkiebv@chron.com,Ukraine,03-01-2006
429,Parsifal,Jellett,pjellettbw@smh.com.au,China,06-03-2005
430,Marjory,Josifovic,mjosifovicbx@illinois.edu,China,24-01-1999
431,Abigael,Hoodless,ahoodlessby@spiegel.de,Canada,25-09-1993
432,Jourdan,Liddle,jliddlebz@adobe.com,Japan,18-04-2004
433,Cordy,Randalson,crandalsonc0@bandcamp.com,China,10-05-1997
434,Percival,Cello,pcelloc1@oaic.gov.au,Argentina,26-11-2017
435,Clarissa,Stansbie,cstansbiec2@nih.gov,Thailand,03-07-2010
436,Wallis,Gregoletti,wgregolettic3@webs.com,France,28-03-1991
437,Winfield,Licence,wlicencec4@ask.com,Brazil,07-11-2000
438,Lou,De Winton,ldewintonc5@issuu.com,China,02-02-2010
439,Natale,Rodway,nrodwayc6@statcounter.com,Philippines,24-02-2014
440,Kristina,Woodrow,kwoodrowc7@ox.ac.uk,China,27-12-2020
441,Eberhard,Brough,ebroughc8@creativecommons.org,Indonesia,22-02-1998
442,Jakob,Hanscomb,jhanscombc9@bloglines.com,Tanzania,16-07-2007
443,Charlotta,Romanin,cromaninca@oracle.com,France,02-05-1994
444,Jourdain,Soltan,jsoltancb@reuters.com,China,14-01-2003
445,Job,Adrien,jadriencc@seattletimes.com,Sweden,03-01-1998
446,Peder,Allenson,pallensoncd@unicef.org,Marshall Islands,04-10-2014
447,Orella,Housego,ohousegoce@salon.com,Russia,30-10-2001
448,Ethan,McKeeman,emckeemancf@merriam-webster.com,Poland,03-10-2003
449,Domeniga,Mancell,dmancellcg@accuweather.com,Czech Republic,08-03-1991
450,Padgett,Brudenell,pbrudenellch@reddit.com,Iceland,14-12-2009
451,Dedra,Bickardike,dbickardikeci@wikimedia.org,Dominican Republic,29-10-2015
452,Florinda,Denacamp,fdenacampcj@hibu.com,United States,20-01-2010
453,Mal,Ousbie,mousbieck@reverbnation.com,Brazil,26-09-2016
454,Julina,Troughton,jtroughtoncl@yandex.ru,Zimbabwe,12-02-2013
455,Donall,Campo,dcampocm@netscape.com,Lithuania,06-10-1999
456,Sophronia,Mallinson,smallinsoncn@netscape.com,Italy,15-03-2016
457,Dion,Craddock,dcraddockco@npr.org,China,20-05-2021
458,Shirline,Bramley,sbramleycp@mozilla.org,Russia,28-12-2013
459,Nicol,Lockhart,nlockhartcq@usgs.gov,China,24-12-2007
460,Ruthanne,Pleven,rplevencr@tripod.com,Philippines,17-08-1998
461,Gilbertine,Linney,glinneycs@pinterest.com,China,06-05-1997
462,Codi,Varley,cvarleyct@independent.co.uk,Thailand,01-06-2007
463,Elinore,Bavage,ebavagecu@pbs.org,Czech Republic,14-11-1998
464,Clo,Naismith,cnaismithcv@jalbum.net,Ukraine,29-07-2014
465,Gherardo,Gatecliff,ggatecliffcw@blogspot.com,Poland,21-12-2007
466,Dermot,Adamowitz,dadamowitzcx@amazon.com,Indonesia,07-03-2022
467,Monroe,Stit,mstitcy@cargocollective.com,Nepal,29-04-2012
468,Kimbra,Figurski,kfigurskicz@google.fr,Indonesia,09-07-1990
469,Niven,Annes,nannesd0@sciencedaily.com,Israel,04-05-1999
470,Alfy,Gissing,agissingd1@xrea.com,Indonesia,19-03-2005
471,Llywellyn,Melia,lmeliad2@nhs.uk,Philippines,20-01-1996
472,Maure,Shankland,mshanklandd3@acquirethisname.com,Indonesia,04-01-2014
473,Rikki,Sainthill,rsainthilld4@zdnet.com,Indonesia,07-08-2014
474,Faustine,Mattingly,fmattinglyd5@dmoz.org,Serbia,15-06-2015
475,Daisie,Hullot,dhullotd6@photobucket.com,Iceland,17-06-1992
476,Adrien,O'Keefe,aokeefed7@blogspot.com,Thailand,03-07-1990
477,Janna,MacNockater,jmacnockaterd8@tiny.cc,Indonesia,27-04-2001
478,Rozele,Eouzan,reouzand9@cocolog-nifty.com,China,05-09-1995
479,Jodi,Trowel,jtrowelda@ucoz.com,Indonesia,04-01-2001
480,Barclay,Branca,bbrancadb@bing.com,Brazil,26-09-2010
481,Horatio,McEvay,hmcevaydc@telegraph.co.uk,Venezuela,01-03-2020
482,Rosanna,O'Gormally,rogormallydd@google.com.br,Brazil,19-05-2017
483,Wenonah,Pree,wpreede@economist.com,Portugal,25-05-2014
484,Grange,Gate,ggatedf@vimeo.com,Russia,01-09-2016
485,Pace,Ragot,pragotdg@unesco.org,Canada,01-12-2017
486,Merridie,Chessell,mchesselldh@webmd.com,Madagascar,05-08-2014
487,Conchita,Espinho,cespinhodi@phoca.cz,Indonesia,10-12-2013
488,Cassaundra,Spier,cspierdj@ucsd.edu,China,06-05-2007
489,Dareen,Winn,dwinndk@youtu.be,Malaysia,02-02-1993
490,Chic,Echalie,cechaliedl@com.com,Luxembourg,29-05-2017
491,Pamelina,Talks,ptalksdm@google.ca,Indonesia,09-02-2002
492,Vladimir,Bremen,vbremendn@intel.com,Cyprus,17-06-2005
493,Moore,Keemer,mkeemerdo@squidoo.com,Colombia,21-03-2019
494,Isabelita,Hauger,ihaugerdp@adobe.com,China,22-12-2000
495,Ellis,McTrustie,emctrustiedq@weather.com,China,26-06-2004
496,Chrissie,Scawton,cscawtondr@yellowpages.com,Colombia,12-07-2003
497,Beverley,Neesham,bneeshamds@timesonline.co.uk,Madagascar,02-01-1996
498,Verge,Buxsey,vbuxseydt@oakley.com,Indonesia,27-03-2013
499,Edd,Bartalin,ebartalindu@nature.com,Burkina Faso,03-05-2008
500,Alessandra,Withey,awitheydv@amazon.co.jp,Uganda,02-05-2014
501,Tally,Ruse,trusedw@toplist.cz,Armenia,14-07-2015
502,Esme,Fliege,efliegedx@unicef.org,New Zealand,16-10-2019
503,Vallie,Tassaker,vtassakerdy@admin.ch,Brazil,17-08-2019
504,Anett,Hedger,ahedgerdz@engadget.com,China,21-12-2000
505,Hestia,Casine,hcasinee0@aboutads.info,Costa Rica,25-10-1999
506,Gabie,Dungee,gdungeee1@si.edu,China,16-11-2005
507,Brandon,Rawdall,brawdalle2@auda.org.au,China,06-06-2001
508,Lisle,Olliar,lolliare3@disqus.com,United States,22-12-2013
509,Hiram,Reen,hreene4@japanpost.jp,Russia,31-07-2007
510,Brnaba,Chazerand,bchazerande5@indiegogo.com,Serbia,12-02-2000
511,Diarmid,Gras,dgrase6@jugem.jp,France,18-07-2014
512,Marylou,Aneley,maneleye7@nhs.uk,Indonesia,02-06-2015
513,Beverlie,Achrameev,bachrameeve8@boston.com,Serbia,18-04-2002
514,Hansiain,Danielsson,hdanielssone9@ustream.tv,Philippines,26-11-1995
515,Emerson,Orrin,eorrinea@wikispaces.com,Brazil,27-02-2017
516,Aura,Danilovitch,adanilovitcheb@nbcnews.com,Vietnam,21-08-1990
517,Umeko,Hudleston,uhudlestonec@oaic.gov.au,China,23-07-2012
518,Maggi,Chippendale,mchippendaleed@illinois.edu,Russia,20-01-2020
519,Butch,Rubenfeld,brubenfeldee@163.com,Indonesia,14-12-1996
520,Tobey,Desborough,tdesboroughef@skype.com,Canada,18-10-1994
521,Shaine,Svanini,ssvaninieg@mapy.cz,Philippines,08-04-2002
522,Samuel,Cescot,scescoteh@t.co,Russia,13-05-2016
523,Jethro,Wildish,jwildishei@purevolume.com,Bosnia and Herzegovina,29-07-1998
524,Brianne,Ellerman,bellermanej@ameblo.jp,Czech Republic,17-10-2017
525,Ragnar,Davidoff,rdavidoffek@psu.edu,China,26-10-1997
526,Judd,Frackiewicz,jfrackiewiczel@toplist.cz,Russia,12-08-1999
527,Monte,Stuckley,mstuckleyem@networkadvertising.org,Nigeria,01-11-1995
528,Sean,Roskrug,sroskrugen@nhs.uk,Vietnam,10-04-2007
529,Jacki,Loyns,jloynseo@people.com.cn,Russia,17-07-2012
530,Van,Bau,vbauep@si.edu,Indonesia,12-04-2003
531,Salvidor,Schubuser,sschubusereq@hibu.com,Finland,31-03-2020
532,Aili,Curmi,acurmier@eventbrite.com,France,31-12-2000
533,Mohandas,Collis,mcollises@pbs.org,United States,05-12-2007
534,Dallas,Ateggart,dateggartet@umn.edu,Kyrgyzstan,18-12-2010
535,Conrad,Muscott,cmuscotteu@cornell.edu,North Korea,19-04-2001
536,Amitie,Woodworth,awoodworthev@hhs.gov,Argentina,03-08-2004
537,Pandora,Guilloton,pguillotonew@prlog.org,Luxembourg,16-05-2018
538,Hardy,Prati,hpratiex@utexas.edu,China,05-01-2005
539,Kirk,Koppes,kkoppesey@miitbeian.gov.cn,China,29-07-2015
540,Ginny,Vankov,gvankovez@si.edu,China,05-09-1994
541,Roland,Rubinshtein,rrubinshteinf0@de.vu,Indonesia,08-03-2001
542,Tabbatha,Sirrell,tsirrellf1@unblog.fr,Indonesia,29-12-2014
543,Rory,Orton,rortonf2@smugmug.com,Brazil,21-05-2021
544,Veda,Kennington,vkenningtonf3@ycombinator.com,Peru,15-01-1991
545,Brantley,Doige,bdoigef4@devhub.com,Serbia,25-06-2018
546,Timmie,Cheasman,tcheasmanf5@opera.com,Malta,25-05-1990
547,Yuri,Mandifield,ymandifieldf6@github.io,Poland,04-11-2016
548,Bailie,Eastmond,beastmondf7@amazon.co.uk,Greece,02-06-2019
549,Maurie,Ciccetti,mciccettif8@washington.edu,United States,13-10-2004
550,Felipa,Barker,fbarkerf9@ask.com,Spain,18-12-2003
551,Marnia,Simonini,msimoninifa@seesaa.net,Latvia,05-05-2019
552,Quinton,Lawrenceson,qlawrencesonfb@networkadvertising.org,Slovenia,16-10-2020
553,Isak,Bywaters,ibywatersfc@over-blog.com,Indonesia,09-05-1990
554,Happy,Tattershall,htattershallfd@naver.com,China,16-02-1992
555,Therine,Housegoe,thousegoefe@sogou.com,Kazakhstan,12-01-2004
556,Carlin,Smallsman,csmallsmanff@tumblr.com,Russia,16-07-1991
557,Thacher,Uglow,tuglowfg@jalbum.net,Reunion,25-12-2020
558,Skylar,Reinisch,sreinischfh@typepad.com,Indonesia,26-12-1991
559,Chandal,Guilbert,cguilbertfi@naver.com,China,26-01-2015
560,Chase,Oakland,coaklandfj@narod.ru,China,07-07-2010
561,Dagny,Cardon,dcardonfk@ed.gov,Japan,28-08-1995
562,Gweneth,Labbez,glabbezfl@list-manage.com,Indonesia,14-10-1990
563,Khalil,Keneforde,kkenefordefm@yahoo.co.jp,Russia,10-12-2009
564,Hillier,Cella,hcellafn@google.pl,Mexico,04-07-2009
565,Rubetta,McKeowon,rmckeowonfo@jigsy.com,China,27-05-2021
566,Olivette,Fransseni,ofranssenifp@ning.com,China,05-11-2013
567,Maitilde,Sacase,msacasefq@buzzfeed.com,France,18-08-1992
568,Alexia,Darcy,adarcyfr@nba.com,Bulgaria,29-08-1994
569,Alleen,Aldridge,aaldridgefs@nih.gov,China,14-01-2000
570,Aeriela,Randles,arandlesft@about.com,Japan,26-09-2000
571,Norton,Geard,ngeardfu@nationalgeographic.com,China,23-06-2013
572,Keene,Boon,kboonfv@theglobeandmail.com,Slovakia,09-10-1994
573,Zsazsa,Geggie,zgeggiefw@cpanel.net,France,01-12-2013
574,Brooke,Matzke,bmatzkefx@csmonitor.com,Cameroon,19-08-2019
575,Julie,Royste,jroystefy@ihg.com,Russia,13-09-2013
576,Corbie,Noke,cnokefz@ebay.co.uk,France,16-09-2016
577,Nonah,Ryland,nrylandg0@opensource.org,China,14-07-1995
578,Tasha,Saffin,tsaffing1@smh.com.au,Indonesia,22-04-2013
579,Brynna,Diben,bdibeng2@economist.com,Russia,24-11-2019
580,Ernaline,Comolli,ecomollig3@ft.com,Philippines,31-08-2004
581,Ray,Pascall,rpascallg4@storify.com,Russia,03-12-2000
582,Shandy,Le Barr,slebarrg5@microsoft.com,Armenia,20-10-2001
583,Rosana,Spadaro,rspadarog6@pen.io,Serbia,15-05-2002
584,Dennis,Shawell,dshawellg7@fc2.com,China,18-08-2005
585,Devondra,Rosenthal,drosenthalg8@hc360.com,Indonesia,07-03-2020
586,Montague,Bleackley,mbleackleyg9@bing.com,China,06-03-2005
587,Seth,Kliemchen,skliemchenga@adobe.com,Indonesia,03-03-2007
588,Aubry,Eim,aeimgb@tripod.com,Greece,30-07-2018
589,Leupold,Platt,lplattgc@alexa.com,China,29-07-2012
590,Lombard,Streets,lstreetsgd@ovh.net,Portugal,11-09-2019
591,Kati,Boulder,kboulderge@theatlantic.com,France,03-03-1996
592,Maggee,Hunnaball,mhunnaballgf@dion.ne.jp,Ukraine,11-11-2021
593,Jonis,Trowell,jtrowellgg@a8.net,Colombia,30-11-1997
594,Jehanna,Vint,jvintgh@spiegel.de,France,04-12-2002
595,Kaycee,Krook,kkrookgi@miibeian.gov.cn,Mauritius,11-01-2007
596,Ulberto,Gwin,ugwingj@bravesites.com,Colombia,31-05-2008
597,Trumaine,Franzotto,tfranzottogk@homestead.com,Sweden,29-12-2008
598,Winnifred,Raspel,wraspelgl@berkeley.edu,Palestinian Territory,23-04-2013
599,Ladonna,Agglio,laggliogm@cafepress.com,Ukraine,26-02-1998
600,Jonie,Greally,jgreallygn@creativecommons.org,Albania,06-07-2018
601,Pooh,Jori,pjorigo@unesco.org,Tunisia,26-10-1993
602,Meier,Morgan,mmorgangp@state.tx.us,Indonesia,08-09-2021
603,Cherise,Roback,crobackgq@clickbank.net,Indonesia,26-04-1996
604,Odille,Groarty,ogroartygr@prweb.com,China,23-07-1990
605,Eolande,Tommis,etommisgs@weibo.com,Brazil,16-02-2006
606,Wittie,Handrek,whandrekgt@usatoday.com,Peru,24-07-1997
607,Justin,Whatham,jwhathamgu@reuters.com,China,18-04-2013
608,Sibby,Sarjent,ssarjentgv@gravatar.com,China,27-06-2014
609,Tiffany,Frondt,tfrondtgw@hexun.com,China,10-11-2006
610,Foster,Ranklin,franklingx@dailymail.co.uk,Colombia,11-05-2006
611,Lombard,Kebbell,lkebbellgy@blogtalkradio.com,Lebanon,14-04-1997
612,Damaris,Saiger,dsaigergz@meetup.com,Indonesia,16-09-2019
613,Rufe,Bilbery,rbilberyh0@nymag.com,Poland,11-04-2014
614,Cosme,Alan,calanh1@opensource.org,Portugal,28-06-2018
615,Armstrong,Buckenhill,abuckenhillh2@utexas.edu,Poland,26-05-2003
616,Christi,Warsap,cwarsaph3@netscape.com,Indonesia,08-10-2003
617,Margi,Walsh,mwalshh4@unc.edu,China,08-12-2004
618,Georgianne,Halladay,ghalladayh5@shareasale.com,Czech Republic,23-05-2016
619,Averell,Sutherington,asutheringtonh6@intel.com,Indonesia,24-01-1997
620,Carlene,Ruddy,cruddyh7@jugem.jp,Norway,05-05-2016
621,Yuri,Lodevick,ylodevickh8@spiegel.de,Turkmenistan,16-07-2020
622,Inez,Mandres,imandresh9@jalbum.net,China,28-03-2001
623,Prentice,Streeter,pstreeterha@cisco.com,Portugal,08-12-2010
624,Truman,Danielli,tdaniellihb@stanford.edu,France,31-12-2018
625,Wylma,Farman,wfarmanhc@independent.co.uk,Japan,29-12-2002
626,Brandea,Lacoste,blacostehd@nsw.gov.au,Austria,17-08-2005
627,Tanya,Broadbere,tbroadberehe@rakuten.co.jp,Ivory Coast,03-01-2020
628,Stavro,Donaldson,sdonaldsonhf@cargocollective.com,Palestinian Territory,20-10-2019
629,Peirce,Frankum,pfrankumhg@mlb.com,Greece,14-07-2018
630,Bambi,Keeley,bkeeleyhh@naver.com,France,27-01-1997
631,Margaretha,Dunlop,mdunlophi@toplist.cz,China,05-12-2013
632,Corby,Wince,cwincehj@jiathis.com,China,10-03-1991
633,Elia,Newdick,enewdickhk@dmoz.org,Indonesia,10-12-1994
634,Waite,McFadden,wmcfaddenhl@mysql.com,Philippines,10-11-2008
635,Salvador,Orum,sorumhm@hibu.com,China,08-12-2012
636,Ira,Lewsley,ilewsleyhn@furl.net,Ukraine,15-04-2009
637,Aleda,Rive,ariveho@noaa.gov,Indonesia,04-12-2019
638,Chrissy,Molesworth,cmolesworthhp@storify.com,Indonesia,24-03-2014
639,Tasia,Eckery,teckeryhq@vistaprint.com,Portugal,14-02-2001
640,Windy,Jouaneton,wjouanetonhr@webeden.co.uk,China,18-04-2006
641,Sadella,Buntain,sbuntainhs@twitpic.com,China,25-11-1992
642,Lombard,Jelphs,ljelphsht@amazon.de,Indonesia,20-08-2016
643,Mohandis,Westover,mwestoverhu@adobe.com,Russia,21-09-1996
644,Winny,Meenehan,wmeenehanhv@weather.com,Ukraine,09-02-2021
645,Yasmeen,Bartel,ybartelhw@dell.com,Portugal,26-08-1994
646,Loraine,Katte,lkattehx@tinyurl.com,China,07-02-2010
647,Alvin,Farries,afarrieshy@japanpost.jp,Russia,01-10-2007
648,Silvia,Mazzilli,smazzillihz@reuters.com,Russia,25-10-2005
649,Arabelle,Dury,aduryi0@ehow.com,Thailand,02-03-2013
650,Babara,Headly,bheadlyi1@techcrunch.com,Macedonia,02-03-1995
651,Ashli,Keaveney,akeaveneyi2@php.net,Finland,19-12-2005
652,Lenci,Murdy,lmurdyi3@hc360.com,Brazil,30-05-1997
653,Felizio,Klyn,fklyni4@wikispaces.com,China,28-10-2009
654,Priscella,Twede,ptwedei5@hexun.com,China,26-06-2008
655,Peggy,Bosnell,pbosnelli6@cbc.ca,Brazil,08-08-2017
656,Lorianne,McNirlan,lmcnirlani7@accuweather.com,Macedonia,07-10-1998
657,Louis,Burnyeat,lburnyeati8@wufoo.com,Czech Republic,08-04-1997
658,Hort,Banke,hbankei9@shutterfly.com,Philippines,06-04-2022
659,Todd,Frankling,tfranklingia@yahoo.com,China,16-02-2016
660,Artair,Pallis,apallisib@tripadvisor.com,China,19-05-2010
661,Rochelle,Creeboe,rcreeboeic@paypal.com,United States,10-06-1992
662,Philbert,Pickering,ppickeringid@tripadvisor.com,Mexico,01-05-2011
663,Corey,Severy,cseveryie@yellowbook.com,China,09-12-2013
664,Carmita,Enos,cenosif@tinypic.com,China,06-08-1993
665,Hale,Winskill,hwinskillig@archive.org,Philippines,05-08-1993
666,Sisely,Paris,sparisih@blog.com,China,18-04-2020
667,Birgitta,Tournie,btournieii@webnode.com,Venezuela,10-12-2001
668,Harper,Baxstare,hbaxstareij@spiegel.de,Japan,24-04-2021
669,Deedee,Biggins,dbigginsik@msn.com,Indonesia,07-06-1998
670,Wallas,Spurdens,wspurdensil@reuters.com,Poland,01-11-2017
671,Myrlene,Cogley,mcogleyim@ucoz.ru,Bhutan,23-07-1992
672,Carlyn,Geroldini,cgeroldiniin@hibu.com,Ukraine,20-10-2001
673,Amargo,Cheatle,acheatleio@printfriendly.com,Costa Rica,02-10-2009
674,Chandra,Hawney,chawneyip@bbb.org,Sweden,09-12-2021
675,Jens,Mannock,jmannockiq@mit.edu,Russia,29-03-2017
676,Ennis,Staneland,estanelandir@bloglovin.com,Brazil,24-11-1990
677,Shani,Astley,sastleyis@jiathis.com,Brazil,16-03-2014
678,Trish,Pinfold,tpinfoldit@wisc.edu,Bosnia and Herzegovina,01-05-1991
679,Susannah,Strangwood,sstrangwoodiu@naver.com,Ireland,09-06-2007
680,Justino,McKeney,jmckeneyiv@bbb.org,Sweden,31-07-1999
681,Milton,Egan,meganiw@seesaa.net,Brazil,15-03-1997
682,Katrine,Troop,ktroopix@ca.gov,Cuba,10-09-2004
683,Marcella,Pankethman,mpankethmaniy@jugem.jp,China,05-06-2008
684,Ferdie,Wipfler,fwipfleriz@toplist.cz,China,07-04-2021
685,Ransom,Gianilli,rgianillij0@washingtonpost.com,China,08-01-2012
686,Emelen,Fanner,efannerj1@sitemeter.com,Russia,03-01-2022
687,Christel,Franey,cfraneyj2@unc.edu,Japan,21-10-2014
688,Elaine,Collymore,ecollymorej3@ca.gov,Brazil,17-07-2013
689,Ella,Fitchett,efitchettj4@github.io,Brazil,19-04-1998
690,Lyda,Bessey,lbesseyj5@w3.org,Thailand,22-01-2011
691,Wat,Lippini,wlippinij6@sphinn.com,China,03-10-1995
692,Selena,Merrington,smerringtonj7@dot.gov,Netherlands,11-11-2017
693,Gaspar,Garton,ggartonj8@blogspot.com,Slovenia,29-06-2003
694,Kandace,Shalloe,kshalloej9@bbb.org,Russia,26-02-2015
695,Vanda,Peartree,vpeartreeja@pagesperso-orange.fr,Ukraine,03-06-1992
696,Carmelle,Bawdon,cbawdonjb@soup.io,Indonesia,20-01-2012
697,Raviv,Liverseege,rliverseegejc@tamu.edu,Czech Republic,26-04-2016
698,Paton,Medlin,pmedlinjd@goodreads.com,Georgia,07-11-2011
699,Janet,Tomasello,jtomaselloje@indiegogo.com,Brazil,18-05-1997
700,Jaimie,Waggatt,jwaggattjf@clickbank.net,Argentina,18-07-2012
701,Yevette,Skeats,yskeatsjg@sakura.ne.jp,Sweden,19-02-2002
702,Abbey,Huggard,ahuggardjh@stanford.edu,Indonesia,29-01-1996
703,Bartlett,Mawman,bmawmanji@blogtalkradio.com,Canada,15-07-1995
704,Amelita,Nyland,anylandjj@ifeng.com,Philippines,22-05-2010
705,Gal,Maciunas,gmaciunasjk@mediafire.com,China,16-09-2011
706,Gil,Bazeley,gbazeleyjl@auda.org.au,Taiwan,08-04-2008
707,Margette,Harly,mharlyjm@typepad.com,Nicaragua,01-07-2010
708,Shandeigh,Strelitzer,sstrelitzerjn@people.com.cn,Indonesia,03-07-2020
709,Paco,Webburn,pwebburnjo@sciencedaily.com,Philippines,23-08-1990
710,Farlee,Clemo,fclemojp@businesswire.com,China,22-02-2017
711,Haroun,Millier,hmillierjq@mail.ru,Russia,21-05-1990
712,Perice,Pentony,ppentonyjr@google.co.jp,China,02-11-2002
713,Starr,Feild,sfeildjs@omniture.com,China,27-01-2014
714,Fancy,Soall,fsoalljt@tamu.edu,Cameroon,10-09-2004
715,Sapphire,Picker,spickerju@ezinearticles.com,China,27-05-1996
716,Win,Wraight,wwraightjv@intel.com,Ukraine,17-08-2006
717,Clerissa,McGilbon,cmcgilbonjw@virginia.edu,Liberia,25-03-2021
718,Francesca,Jacobson,fjacobsonjx@irs.gov,Indonesia,15-08-1995
719,Shaylah,Trammel,strammeljy@chron.com,United States,11-07-1992
720,Linnea,Batalini,lbatalinijz@mapquest.com,Georgia,04-08-2000
721,Vina,Enderby,venderbyk0@foxnews.com,China,28-01-2015
722,Olivier,Doyland,odoylandk1@homestead.com,Poland,08-02-2002
723,Adore,Spratt,asprattk2@time.com,United States,07-10-1991
724,Aurea,Wodeland,awodelandk3@who.int,Philippines,03-07-2015
725,Derril,Pattlel,dpattlelk4@craigslist.org,Bolivia,11-12-2018
726,Suzy,Herreran,sherrerank5@guardian.co.uk,Brazil,16-10-1994
727,Alisander,Laffling,alafflingk6@techcrunch.com,Canada,07-02-1991
728,Matthias,Cissen,mcissenk7@google.it,Finland,11-12-2006
729,Skylar,Wibrew,swibrewk8@examiner.com,Vietnam,24-04-2001
730,Jermaine,Birney,jbirneyk9@tripadvisor.com,United Kingdom,23-09-1994
731,Aleece,Boskell,aboskellka@mapquest.com,Sri Lanka,16-01-1993
732,Agneta,Billitteri,abillitterikb@home.pl,China,12-08-2004
733,Deck,Anthon,danthonkc@hao123.com,Philippines,28-07-2008
734,Sosanna,Ockland,socklandkd@foxnews.com,China,19-11-2004
735,Aida,Crutchley,acrutchleyke@google.cn,China,08-12-2013
736,Cally,Blaszczyk,cblaszczykkf@php.net,China,13-09-2003
737,Antonino,Caselick,acaselickkg@europa.eu,Portugal,23-06-1998
738,Maryrose,MacTrustrie,mmactrustriekh@imageshack.us,Philippines,29-07-1997
739,Dalt,Neno,dnenoki@nps.gov,Brazil,12-11-2006
740,Duke,Mordecai,dmordecaikj@devhub.com,Argentina,05-02-2002
741,Cheslie,Gunnell,cgunnellkk@sciencedaily.com,Philippines,20-07-1990
742,Leupold,Bouzek,lbouzekkl@amazon.de,Russia,26-05-2005
743,Dela,Rudram,drudramkm@tinypic.com,Ghana,01-04-2014
744,Aggy,Cobley,acobleykn@technorati.com,Portugal,20-03-2014
745,Stefano,Dowdell,sdowdellko@about.com,China,02-08-2014
746,Bernardine,Tanton,btantonkp@xrea.com,China,09-12-2014
747,Thomasin,Burgott,tburgottkq@facebook.com,Canada,29-08-2003
748,Russell,Baud,rbaudkr@tripadvisor.com,Sweden,05-11-1992
749,Dame,Lippett,dlippettks@harvard.edu,Russia,14-11-2012
750,Lorry,Eton,letonkt@mac.com,Honduras,19-01-2004
751,Mariann,Barks,mbarksku@icq.com,China,21-02-2002
752,Gordie,Montel,gmontelkv@msu.edu,China,25-06-1991
753,Dory,Percy,dpercykw@bluehost.com,Tunisia,29-12-2012
754,Kore,Santry,ksantrykx@dell.com,Portugal,15-02-2015
755,Aldus,Fortin,afortinky@icio.us,China,24-11-2021
756,Bowie,Garrould,bgarrouldkz@globo.com,China,11-11-2008
757,Gunner,Shayes,gshayesl0@acquirethisname.com,Portugal,29-01-2007
758,Juliet,De Zamudio,jdezamudiol1@chron.com,Uzbekistan,08-07-1999
759,Elsi,Philpotts,ephilpottsl2@comsenz.com,Panama,01-07-2016
760,Homerus,Zaple,hzaplel3@utexas.edu,Brazil,06-07-2000
761,Crichton,Rigglesford,crigglesfordl4@diigo.com,Israel,16-01-1993
762,Langsdon,Crocker,lcrockerl5@infoseek.co.jp,Luxembourg,09-01-1997
763,Con,Duberry,cduberryl6@cbc.ca,Indonesia,12-11-1997
764,Tymothy,Donn,tdonnl7@kickstarter.com,Argentina,25-07-1994
765,Farrand,Bleakley,fbleakleyl8@telegraph.co.uk,Guatemala,15-01-1993
766,Fidelia,Angove,fangovel9@fda.gov,China,03-04-1992
767,Anders,Bowe,abowela@ning.com,France,02-02-2020
768,Madelin,Guly,mgulylb@trellian.com,Portugal,25-05-2013
769,Merrilee,Hilling,mhillinglc@pagesperso-orange.fr,Indonesia,31-05-2004
770,Phyllida,Frostdicke,pfrostdickeld@ucoz.com,Ukraine,26-03-2000
771,Andie,Dinnage,adinnagele@patch.com,China,30-07-2012
772,Ninette,Fayne,nfaynelf@time.com,Indonesia,04-03-1996
773,Meir,Simants,msimantslg@mediafire.com,Philippines,18-05-2012
774,Bennett,Penketh,bpenkethlh@ihg.com,China,06-07-1997
775,Katrinka,Burry,kburryli@soup.io,China,23-07-2001
776,Wallis,Paula,wpaulalj@163.com,France,07-07-1998
777,Paola,Dalgarno,pdalgarnolk@xrea.com,Venezuela,30-11-2006
778,Joby,Bagniuk,jbagniukll@unc.edu,United States,14-07-2002
779,Francklyn,Huttley,fhuttleylm@artisteer.com,United States,25-06-2004
780,Alecia,Simonnot,asimonnotln@digg.com,Macedonia,19-04-2013
781,Michaeline,Caldera,mcalderalo@51.la,Croatia,28-10-2017
782,Sapphire,Chaffyn,schaffynlp@ucoz.com,China,13-11-2015
783,Zach,Bettesworth,zbettesworthlq@digg.com,Portugal,08-01-2014
784,Sibley,Gillard,sgillardlr@clickbank.net,Mali,08-06-2013
785,Reggis,Shale,rshalels@ifeng.com,Poland,20-04-2003
786,Lisle,Ewell,lewelllt@wix.com,Sweden,11-01-1998
787,Kirstyn,Whitmell,kwhitmelllu@amazonaws.com,Canada,16-04-1998
788,Davis,Bennit,dbennitlv@woothemes.com,Albania,24-04-2009
789,Grayce,Zoellner,gzoellnerlw@pen.io,Sweden,04-04-2019
790,Dee dee,Burney,dburneylx@howstuffworks.com,Portugal,18-12-2017
791,Bonny,Mackley,bmackleyly@surveymonkey.com,Japan,05-06-1994
792,Harley,Verbeke,hverbekelz@livejournal.com,Malaysia,17-11-2004
793,Melisandra,Sapshed,msapshedm0@ed.gov,Dominican Republic,25-11-2018
794,Berti,Fragino,bfraginom1@toplist.cz,Malaysia,22-03-1995
795,Tynan,Winsbury,twinsburym2@zimbio.com,Jordan,27-12-2017
796,Eda,Planks,eplanksm3@ft.com,China,28-01-2015
797,Maryrose,Rounding,mroundingm4@lulu.com,Poland,27-01-2019
798,Paula,Renner,prennerm5@scribd.com,Belarus,13-12-2006
799,Celia,Matchett,cmatchettm6@usda.gov,United States,20-06-1999
800,Leslie,Ludovico,lludovicom7@topsy.com,Portugal,04-04-2018
801,Florida,Rraundl,frraundlm8@123-reg.co.uk,China,28-09-2008
802,Mervin,Cossentine,mcossentinem9@yahoo.com,Mexico,19-12-1998
803,Cyndy,Cogzell,ccogzellma@multiply.com,Sweden,21-10-2003
804,Rosalind,Biswell,rbiswellmb@hhs.gov,China,26-07-2012
805,Evin,Edgeworth,eedgeworthmc@cmu.edu,France,14-05-1991
806,Murdoch,Harmstone,mharmstonemd@godaddy.com,Greece,14-01-2014
807,Rasla,Clement,rclementme@newsvine.com,Russia,11-02-2022
808,Bartholomew,Bruyett,bbruyettmf@wix.com,Netherlands,28-06-2013
809,Ramona,Tenney,rtenneymg@ustream.tv,China,21-02-2011
810,Guinna,Ulyat,gulyatmh@surveymonkey.com,French Polynesia,04-08-1994
811,Mildrid,Dallan,mdallanmi@mapy.cz,Japan,20-07-2018
812,Thomasa,Parkin,tparkinmj@paginegialle.it,Botswana,14-04-2014
813,Ernaline,Vegas,evegasmk@baidu.com,Japan,09-03-1998
814,Thaddeus,Sapsforde,tsapsfordeml@va.gov,Japan,09-08-2006
815,Graehme,Shalliker,gshallikermm@sourceforge.net,Poland,07-04-2010
816,Vidovic,Dwight,vdwightmn@360.cn,France,09-01-2022
817,Bastien,Burgoine,bburgoinemo@odnoklassniki.ru,China,20-12-1999
818,Giles,Carmont,gcarmontmp@webeden.co.uk,Philippines,07-12-2011
819,Friedrich,Charte,fchartemq@imageshack.us,Philippines,05-02-1999
820,Shelley,Blowen,sblowenmr@dyndns.org,Spain,18-06-2021
821,Lindsay,Sinton,lsintonms@amazon.com,Portugal,13-08-2010
822,Sarene,Costanza,scostanzamt@google.com.au,Latvia,16-01-1999
823,Adan,Kix,akixmu@sohu.com,Canada,05-12-2007
824,Winny,Drowsfield,wdrowsfieldmv@opera.com,China,30-08-2013
825,Myriam,Jewess,mjewessmw@wordpress.com,Brazil,19-03-2002
826,Orson,Skinn,oskinnmx@wikipedia.org,Philippines,20-06-2020
827,Osbourn,Macci,omaccimy@360.cn,Japan,29-03-2011
828,Wendye,McErlaine,wmcerlainemz@biblegateway.com,China,16-01-2000
829,Maurise,O'Towey,motoweyn0@jimdo.com,Tanzania,12-05-2011
830,Hester,Heindrick,hheindrickn1@canalblog.com,Argentina,08-03-1998
831,Lela,Abrahamian,labrahamiann2@xinhuanet.com,Japan,04-07-2000
832,Lanie,Allwright,lallwrightn3@businessinsider.com,Moldova,26-10-2018
833,Shem,Tomik,stomikn4@liveinternet.ru,Indonesia,29-10-1993
834,Natasha,Marcroft,nmarcroftn5@barnesandnoble.com,Argentina,07-12-2016
835,Lance,Renol,lrenoln6@bloglovin.com,China,12-05-2002
836,Saba,Freegard,sfreegardn7@homestead.com,Croatia,26-06-2000
837,Calida,Riepl,criepln8@barnesandnoble.com,Ghana,09-11-1993
838,Delly,Ching,dchingn9@desdev.cn,Belarus,24-07-2012
839,Mariel,Dominetti,mdominettina@alibaba.com,Afghanistan,06-08-2008
840,Ingamar,MacAlpyne,imacalpynenb@1und1.de,Ireland,03-10-2004
841,Antons,Coate,acoatenc@utexas.edu,Greece,20-10-1996
842,Darcey,Brattell,dbrattellnd@census.gov,China,01-11-2021
843,Berti,Kleimt,bkleimtne@google.cn,Kosovo,10-04-1999
844,Coop,Gabites,cgabitesnf@icio.us,Japan,20-08-2011
845,Caren,Plevey,cpleveyng@biglobe.ne.jp,Brazil,12-09-2010
846,Cecilla,Ianitti,cianittinh@senate.gov,Spain,04-11-2020
847,Lauree,Le Gassick,llegassickni@blogspot.com,China,09-03-2018
848,Drusi,Muckart,dmuckartnj@tinyurl.com,Greenland,23-05-1992
849,Trstram,Boshard,tboshardnk@51.la,Malta,31-03-2015
850,Tanney,Ornillos,tornillosnl@vkontakte.ru,China,10-06-2015
851,Jemmy,Shadfourth,jshadfourthnm@census.gov,Ethiopia,29-01-2001
852,Starlin,Seide,sseidenn@histats.com,Indonesia,06-08-2011
853,Tawnya,Rosie,trosieno@woothemes.com,China,15-04-1998
854,Oates,Lille,olillenp@1688.com,Vietnam,17-11-1995
855,Ali,Goudge,agoudgenq@weather.com,Sweden,22-02-2011
856,Cinda,Kenright,ckenrightnr@qq.com,Brazil,02-07-2001
857,Dodie,Lackemann,dlackemannns@cbslocal.com,Argentina,09-03-1995
858,Durand,Bradnock,dbradnocknt@japanpost.jp,United Kingdom,29-04-2019
859,Lianne,Scampion,lscampionnu@oaic.gov.au,United States,02-12-2001
860,Antonin,Tovey,atoveynv@alexa.com,Mexico,28-11-2005
861,Sherrie,Ivanisov,sivanisovnw@ow.ly,Honduras,05-02-2001
862,Whitney,Lanigan,wlanigannx@uiuc.edu,Brazil,15-12-2010
863,Davide,Vallerine,dvallerineny@ihg.com,Brazil,07-09-1992
864,Morgana,Thrift,mthriftnz@pcworld.com,Indonesia,13-10-1996
865,Katerine,Scullion,ksculliono0@ucsd.edu,Indonesia,03-02-2008
866,Bryce,Deener,bdeenero1@naver.com,Poland,06-12-1990
867,Maurise,Leason,mleasono2@nba.com,Ghana,12-03-2012
868,Lyndy,Ivanonko,livanonkoo3@de.vu,Russia,27-08-2000
869,Ruthann,Hullbrook,rhullbrooko4@spiegel.de,Ukraine,05-10-2002
870,Joletta,Tytcomb,jtytcombo5@ebay.com,China,05-11-2021
871,Hayden,Olyunin,holyunino6@seesaa.net,Malaysia,20-09-1994
872,Florence,Ferriday,fferridayo7@vk.com,Paraguay,18-04-2008
873,Kristopher,Frediani,kfredianio8@ezinearticles.com,France,05-01-2006
874,Ruth,Hryniewicz,rhryniewiczo9@macromedia.com,Macedonia,08-05-2003
875,Granger,Gridley,ggridleyoa@walmart.com,Ukraine,03-03-2021
876,Catrina,Millwater,cmillwaterob@goo.ne.jp,Poland,20-05-2000
877,Mala,Gomez,mgomezoc@furl.net,Indonesia,06-11-1993
878,Hetti,Klimontovich,hklimontovichod@ycombinator.com,Brazil,02-06-2011
879,Randall,McBain,rmcbainoe@blinklist.com,Iraq,18-03-2016
880,Lorianna,Van Niekerk,lvanniekerkof@feedburner.com,Russia,30-11-1999
881,Gerianna,Ahren,gahrenog@toplist.cz,Philippines,03-01-1995
882,Ferguson,Burnhard,fburnhardoh@census.gov,China,13-12-2016
883,Seumas,De Bruijn,sdebruijnoi@xrea.com,Japan,11-10-2004
884,Olivie,Corris,ocorrisoj@bizjournals.com,United States,20-10-1998
885,Allen,Igoe,aigoeok@deviantart.com,Portugal,17-12-2010
886,Cindelyn,Matzkaitis,cmatzkaitisol@wordpress.com,Uzbekistan,09-09-2006
887,Saba,Withrop,swithropom@fotki.com,Mexico,23-04-2009
888,Noelle,Olerenshaw,nolerenshawon@tmall.com,Indonesia,23-10-2000
889,Thain,Guiraud,tguiraudoo@4shared.com,Madagascar,20-04-2019
890,Sisile,Cordova,scordovaop@ebay.co.uk,Russia,29-07-1993
891,Evonne,Aspinell,easpinelloq@yelp.com,China,16-03-1995
892,Lynn,Wilber,lwilberor@google.com.hk,Philippines,30-05-2010
893,Dorolisa,Kinsett,dkinsettos@walmart.com,Brazil,15-01-2005
894,Kelley,Merit,kmeritot@tuttocitta.it,Spain,21-09-1990
895,Jocelyne,Lewisham,jlewishamou@shutterfly.com,Slovenia,05-08-1993
896,Georg,Fitter,gfitterov@amazon.com,Croatia,24-08-2018
897,Ralph,Chedgey,rchedgeyow@thetimes.co.uk,Russia,26-08-1993
898,Jere,Pencost,jpencostox@google.de,Brazil,05-06-1994
899,Alyce,Eggerton,aeggertonoy@blogger.com,Czech Republic,19-05-2004
900,Reed,Matantsev,rmatantsevoz@dyndns.org,Taiwan,11-12-1999
901,Benoite,Steffans,bsteffansp0@narod.ru,Myanmar,01-09-2010
902,Hedi,Attiwill,hattiwillp1@timesonline.co.uk,Colombia,12-05-1992
903,Sarita,Walesa,swalesap2@abc.net.au,Netherlands,14-11-2015
904,Berne,Kasting,bkastingp3@over-blog.com,Indonesia,29-04-2002
905,Scarlet,Bowller,sbowllerp4@rediff.com,Indonesia,10-09-1996
906,Joni,Gomez,jgomezp5@alexa.com,Peru,11-06-2000
907,Jeralee,Joicey,jjoiceyp6@mail.ru,Indonesia,19-01-2020
908,Liuka,Stoaks,lstoaksp7@state.tx.us,Vietnam,27-01-2016
909,Merrilee,Torrijos,mtorrijosp8@jalbum.net,Venezuela,02-08-2001
910,Rena,Ferencz,rferenczp9@mayoclinic.com,China,09-02-1991
911,Rowney,Croxall,rcroxallpa@ucoz.ru,Cuba,10-01-2004
912,Jefferey,Peschka,jpeschkapb@vk.com,Indonesia,01-06-2017
913,Eyde,Bickerstasse,ebickerstassepc@aboutads.info,Indonesia,09-10-2020
914,Jehu,Vivash,jvivashpd@typepad.com,China,23-04-2003
915,Hilly,Semper,hsemperpe@opera.com,Czech Republic,07-12-2003
916,Brock,Dearlove,bdearlovepf@marketwatch.com,China,16-06-2004
917,Davin,Cavanaugh,dcavanaughpg@discovery.com,Cuba,22-07-1990
918,Cindy,Talbot,ctalbotph@narod.ru,Japan,05-11-2019
919,Ellie,Skewes,eskewespi@twitpic.com,Brazil,04-06-2007
920,Lissi,Book,lbookpj@studiopress.com,Thailand,28-07-2021
921,Joey,Stearn,jstearnpk@msu.edu,China,06-06-2008
922,Robbert,Pleven,rplevenpl@stumbleupon.com,China,12-02-2016
923,Mickey,Astridge,mastridgepm@berkeley.edu,Indonesia,15-06-1996
924,Cam,Welbourn,cwelbournpn@diigo.com,South Africa,03-03-1993
925,Gayleen,De Souza,gdesouzapo@bloglines.com,Portugal,10-04-1998
926,Sibelle,Beautyman,sbeautymanpp@nydailynews.com,Taiwan,10-02-1993
927,Ambrosio,Morit,amoritpq@tamu.edu,China,22-09-2011
928,Elvis,Hollows,ehollowspr@sina.com.cn,Indonesia,17-07-2017
929,Alicia,Stirling,astirlingps@techcrunch.com,Brazil,07-10-2014
930,Carlita,Meiningen,cmeiningenpt@shareasale.com,China,07-08-2018
931,Jessamyn,Goodnow,jgoodnowpu@domainmarket.com,China,08-04-2017
932,Romonda,Daudray,rdaudraypv@about.me,Macao,11-11-1998
933,Odille,Gault,ogaultpw@google.es,Russia,29-08-1992
934,Laurella,Cleland,lclelandpx@tinypic.com,China,06-12-1992
935,Leda,Olivet,lolivetpy@businesswire.com,Indonesia,28-08-2020
936,Che,Papis,cpapispz@yellowbook.com,Czech Republic,14-06-2008
937,Felicle,Few,ffewq0@nbcnews.com,China,23-09-2007
938,Aron,Sedge,asedgeq1@facebook.com,China,27-01-2009
939,Renata,O'Fallon,rofallonq2@wp.com,China,26-08-2014
940,Tressa,Battye,tbattyeq3@mlb.com,Argentina,20-11-1994
941,Nathanil,Monteith,nmonteithq4@vimeo.com,Indonesia,28-04-1993
942,Codee,Prestidge,cprestidgeq5@feedburner.com,Vietnam,02-01-2011
943,Powell,Aspole,paspoleq6@stanford.edu,Nigeria,02-09-2010
944,Evey,Shale,eshaleq7@wufoo.com,Iran,23-10-2018
945,Cassie,Spaven,cspavenq8@etsy.com,China,30-09-2010
946,Mirella,Coots,mcootsq9@instagram.com,Bulgaria,06-08-2010
947,Welsh,Edleston,wedlestonqa@census.gov,Bangladesh,20-09-2002
948,Maryl,Branford,mbranfordqb@freewebs.com,China,26-10-2017
949,Charley,Millis,cmillisqc@google.com.hk,China,28-10-2013
950,Joanne,Wolverson,jwolversonqd@globo.com,Guatemala,16-07-2010
951,Caria,Horsefield,chorsefieldqe@disqus.com,Spain,18-02-2001
952,Woody,Caffrey,wcaffreyqf@dailymotion.com,Russia,17-09-2021
953,Myrwyn,Cuerdall,mcuerdallqg@wordpress.org,Poland,26-05-2021
954,William,O' Sullivan,wosullivanqh@buzzfeed.com,China,27-06-2001
955,Wayland,Bourton,wbourtonqi@goo.gl,Russia,03-09-1998
956,Baxy,Aleksashin,baleksashinqj@blinklist.com,Greece,17-11-2006
957,Faunie,Sheering,fsheeringqk@hostgator.com,Portugal,12-09-2013
958,Nellie,Haslum,nhaslumql@amazon.com,Greece,27-09-2005
959,Nathalia,Raddin,nraddinqm@mtv.com,Indonesia,06-12-2014
960,Conchita,Birt,cbirtqn@amazon.com,Sweden,16-12-2016
961,Anthia,O'Skehan,aoskehanqo@naver.com,China,20-01-1993
962,Dotti,Marsie,dmarsieqp@shinystat.com,Brazil,26-06-1994
963,Eolanda,Kiossel,ekiosselqq@bloomberg.com,Philippines,30-07-2014
964,Luci,Havis,lhavisqr@stanford.edu,China,19-12-2016
965,Claudie,Canto,ccantoqs@si.edu,Uzbekistan,30-08-2002
966,Davin,Rapley,drapleyqt@walmart.com,Ivory Coast,16-09-1992
967,Hartwell,Keigher,hkeigherqu@ask.com,Brazil,12-07-2020
968,Arlen,Vispo,avispoqv@csmonitor.com,Madagascar,11-10-2016
969,Giffie,Picardo,gpicardoqw@yelp.com,France,01-07-1996
970,Payton,Ledur,pledurqx@drupal.org,Bolivia,24-02-1996
971,Ketti,Merricks,kmerricksqy@weibo.com,Brazil,17-11-2014
972,Maddy,Kiehne,mkiehneqz@csmonitor.com,Brazil,28-11-1995
973,Broddy,Corkel,bcorkelr0@psu.edu,China,06-01-1999
974,Guglielma,Cropper,gcropperr1@csmonitor.com,Philippines,03-03-2017
975,Ulrich,Dursley,udursleyr2@ezinearticles.com,Morocco,10-12-1993
976,Paco,Bowcock,pbowcockr3@gravatar.com,France,19-01-1996
977,Bernette,Greste,bgrester4@posterous.com,Indonesia,12-06-2012
978,Evin,Kuschke,ekuschker5@weebly.com,Indonesia,11-09-2016
979,Torie,Comben,tcombenr6@tmall.com,Indonesia,13-05-1991
980,Myrtie,Canning,mcanningr7@netlog.com,China,04-09-2000
981,Odessa,Johncey,ojohnceyr8@networkadvertising.org,Croatia,18-09-1999
982,Tanitansy,Drakeford,tdrakefordr9@ox.ac.uk,China,07-07-2001
983,Queenie,Pieracci,qpieraccira@reuters.com,Peru,10-06-1993
984,Ervin,Casbon,ecasbonrb@vinaora.com,Brazil,04-04-2008
985,Mendy,Bourthouloume,mbourthouloumerc@marketwatch.com,Indonesia,28-07-1995
986,Martica,Halvosen,mhalvosenrd@hhs.gov,Angola,29-12-2004
987,Antonietta,Taaffe,ataaffere@aboutads.info,Russia,30-09-2003
988,Kim,Lapworth,klapworthrf@amazon.co.uk,Portugal,31-12-2009
989,Dave,Milmoe,dmilmoerg@biglobe.ne.jp,Russia,03-10-2003
990,Marcellus,Zottoli,mzottolirh@state.gov,China,17-04-2011
991,Bernette,Desvignes,bdesvignesri@tumblr.com,Poland,15-04-2015
992,Adey,Jermyn,ajermynrj@homestead.com,China,30-05-1997
993,Joe,Gwillyam,jgwillyamrk@lulu.com,Russia,27-01-2017
994,Patricio,Davidovic,pdavidovicrl@moonfruit.com,Albania,18-07-2006
995,Arleen,Pontain,apontainrm@auda.org.au,Malaysia,03-03-1996
996,Jenni,Doberer,jdobererrn@surveymonkey.com,Portugal,06-11-2021
997,Eveleen,Buncher,ebuncherro@reuters.com,China,23-09-2013
998,Waldemar,Oslar,woslarrp@gov.uk,Russia,30-08-2021
999,Mikaela,Morrel,mmorrelrq@intel.com,France,16-02-2003
1000,Pryce,Petrik,ppetrikrr@spotify.com,Portugal,09-10-2021
